시도,남자 암발생자수(명),여자 암발생자수(명)
전국,120068,109112
서울특별시,21922,20930
부산광역시,9215,8343
대구광역시,5753,5604
인천광역시,6068,5856
광주광역시,2949,2834
대전광역시,3258,3095
울산광역시,2442,2291
세종특별자치시,431,367
경기도,25319,24229
강원도,4334,3292
충청북도,4201,3473
충청남도,5764,4609
전라북도,5249,4476
전라남도,5879,4742
경상북도,7675,6301
경상남도,8161,7444
제주특별자치도,1445,1211
모름,3,15